Sr. No,"Regulations/
Standards",Observation,Recommendation,Priority,Asset Category,Location,Type of Hazard,Element,Image,Priority_Score,Hazard_Fire,Hazard_Shock,Hazard_Security,Hazard_Material,Hazard_Other,,,,,,,,,,,,,,,,,,,,,,,,,,,,,,,,,,,,,,,,,,,,,,,,,,,,,,,,,,,,,,,,,,,,,,Hazard_Weight_Sum,Risk_Score
1,IS 1646,"Fire alarm panel off condition. After switch ON, battery fault, fault alarm observed.","Ensure the fire alarm panel remains powered ON at all times. Connect to an uninterruptible power supply (UPS) or dedicated emergency power circuit to prevent accidental shutdown. A ""battery fault"" on a fire alarm panel after switching it on from an ""off"" state, observed under Indian Standard (IS) 1646, likely means the panel's backup battery is either faulty or not charging properly, or that there's an issue with the power supply to the panel. To resolve this, you should inspect the backup battery for damage and ensure its fully charged, then check the electrical connections and power supply to the panel. If the issue persists, professional help may be needed to diagnose a deeper system fault.",MEDIUM,Fire Alarm Panel,Main Security Building – Visitors Room,FIRE,Maintenance & Compliance,/content/word_images/1_obs.jpeg,2,1,0,0,0,0,,,,,,,,,,,,,,,,,,,,,,,,,,,,,,,,,,,,,,,,,,,,,,,,,,,,,,,,,,,,,,,,,,,,,,2,4
2,CEA MSES 2023 Reg 14,LDB 4 2.5 sq mm cable with C63 A MCB is used.,"For a 2.5 sq.mm Cu cable, use: B20A or C20A MCB (max) The protective device rating must not exceed the current carrying capacity of the cable. C20A or lower depending on actual load current and cable installation method. Using a 2.5 sq mm LDB 4 cable with a C63 A MCB is a safety risk, as the cable's current carrying capacity is significantly lower than the MCB's rating, creating a fire hazard. A 2.5 sq mm cable is suitable for loads around 20 25 amps, whereas a C63 (63 Amp) MCB is designed to protect circuits up to 63 amps, meaning the cable could overheat and melt before the MCB trips. This combination is incorrect and requires correction by using a higher rated cable (e.g., 6 sq mm or more for this current) or a lower rated MCB (e.g., 25A or 32A for 2.5 sq mm cable).",HIGH,Distribution Board,Main Security Building – Visitors Room,FIRE/SHOCK,Design & Engineering,/content/word_images/2_obs.jpeg,3,1,1,0,0,0,,,,,,,,,,,,,,,,,,,,,,,,,,,,,,,,,,,,,,,,,,,,,,,,,,,,,,,,,,,,,,,,,,,,,,4,12
3,IS 1646,Fire alarm cable is unarmoured.,"Replace unarmoured cables with armoured fire rated cables, such as: Steel Wire Armoured (SWA) or Steel Tape Armoured (STA) types. These provide mechanical protection and fire resistance.",LOW,Fire Alarm Panel,Main Security Building – Visitors Room,FIRE,Maintenance Compliance,/content/word_images/3_obs.jpeg,1,1,0,0,0,0,,,,,,,,,,,,,,,,,,,,,,,,,,,,,,,,,,,,,,,,,,,,,,,,,,,,,,,,,,,,,,,,,,,,,,2,2
4,Good Engineering Practice,Unauthorised entry in Emergency control center.,"Restrict access to ECC using: Biometric access, RFID card, or electronic keypad locks. Allow entry only to trained and authorized personnel (e.g., facility manager, fire officer, control room operators). Maintain a list of authorized personnel and review periodically.",LOW,Control Room,Emergency control center.,UNAUTHOURIZED ACCESS,System Deviation,,1,0,0,0,0,1,,,,,,,,,,,,,,,,,,,,,,,,,,,,,,,,,,,,,,,,,,,,,,,,,,,,,,,,,,,,,,,,,,,,,,1,1
5,Good Engineering Practice,"Alcohol, frisking and metal detector & quantity to be increased at security gate.","Install additional alcohol breath analysers at all major entry points. Make alcohol screening mandatory for all contract workers, labourers, and plant operating staff. Provide frisking booths with proper privacy for male and female personnel. Install more handheld and walkthrough metal detectors at entry points. The statement, ""Alcohol, frisking and metal detector & quantity to be increased at security gate,"" suggests increasing the frequency of security checks for prohibited items and potentially alcohol, along with implementing more metal detection screenings and possibly even increasing the number of security personnel and equipment.",LOW,Security Equipment,Emergency control center.,SECURITY,Operational Difficulties.,,1,0,0,1,0,0,,,,,,,,,,,,,,,,,,,,,,,,,,,,,,,,,,,,,,,,,,,,,,,,,,,,,,,,,,,,,,,,,,,,,,1.5,1.5
6,CEA MSES 2023 Reg 14,LDB 3/4 2.5 sq/mm cable with C63A MCB is used.,"For a 2.5 sq.mm Cu cable, use: B20A or C20A MCB (max) The protective device rating must not exceed the current carrying capacity of the cable. C20A or lower depending on actual load current and cable installation method.",HIGH,Distribution Board,Emergency control center.,FIRE/SHOCK,Design & Engineering,/content/word_images/6_obs.jpeg,3,1,1,0,0,0,,,,,,,,,,,,,,,,,,,,,,,,,,,,,,,,,,,,,,,,,,,,,,,,,,,,,,,,,,,,,,,,,,,,,,4,12
7,CEA MSES 2023 Reg 44,RCB not tripping while pressing test switch. Tour,"Replace with a new, IS/IEC certified RCB of appropriate: Current rating (e.g., 25A, 40A, 63A) Sensitivity (typically 30 mA for personal protection or 100/300 mA for equipment/fire protection).",HIGH,Distribution Board,Emergency control center.,FIRE/SHOCK,System Deviation,/content/word_images/7_obs.jpeg,3,1,1,0,0,0,,,,,,,,,,,,,,,,,,,,,,,,,,,,,,,,,,,,,,,,,,,,,,,,,,,,,,,,,,,,,,,,,,,,,,4,12
8,Good Engineering Practice,"Recently observed theft inside Solar Panel Yard, in which copper materials burglary observed.","Install a checkpoint based Tour Guarding System using: RFID or NFC tags placed at key locations Handheld data loggers or mobile apps used by security guards to scan checkpoints Alternatively, adopt GPS based patrol tracking for open area facilities.",NONE,,Emergency control center.,MATERIAL LOSS,Accountability,,0,0,0,0,1,0,,,,,,,,,,,,,,,,,,,,,,,,,,,,,,,,,,,,,,,,,,,,,,,,,,,,,,,,,,,,,,,,,,,,,,1.2,0
9,CEA MSES 2023 Reg 21,Aluminium ladder not to be used for electrical activities.,"Immediately stop the use of aluminium or any conductive ladders in the CCTV room or similar electrical/electronic control rooms. Regular practice prohibit the use of aluminium ladders inside electrical panel rooms or in proximity to energized equipment because they are conductive and pose a severe risk of electric shock, burns, and fatalities due to conductivity.",HIGH,Ladder,CCTV Room,FIRE/SHOCK,System Deviation,/content/word_images/9_obs.jpeg,3,1,1,0,0,0,,,,,,,,,,,,,,,,,,,,,,,,,,,,,,,,,,,,,,,,,,,,,,,,,,,,,,,,,,,,,,,,,,,,,,4,12
10,CEA MSES 2023 Reg 14,LDB 2 2.5 sq mm cable with C63A MCB is used.,"For a 2.5 sq.mm Cu cable, use: B20A or C20A MCB (max) The protective device rating must not exceed the current carrying capacity of the cable. C20A or lower depending on actual load current and cable installation method.",HIGH,Distribution Board,CCTV Room,FIRE/SHOCK,Design & Engineering,,3,1,1,0,0,0,,,,,,,,,,,,,,,,,,,,,,,,,,,,,,,,,,,,,,,,,,,,,,,,,,,,,,,,,,,,,,,,,,,,,,4,12
11,Good Engineering Practice,"During fire safety regulations often require boom barriers and access controlled doors to open automatically in case of a fire or smoke to facilitate emergency evacuation, with the system integrated with the fire alarm or smoke detection system. This is a critical feature that enables people to exit safely and allows emergency responders to access the building.","Configure the security gate’s motorized control system to receive input from the fire alarm control panel (FACP). On fire alarm activation, the gate should automatically unlock and open without manual intervention.",LOW,Gate Barrier,CCTV Room,DELAY EMERGENCY EVACUATION,Emergency Response,,1,0,0,0,0,1,,,,,,,,,,,,,,,,,,,,,,,,,,,,,,,,,,,,,,,,,,,,,,,,,,,,,,,,,,,,,,,,,,,,,,1,1
12,IS 3043,CLMS Room Security MCC panel earthing to be provided with 25 sq. mm. cable.,Install a dedicated earth conductor of 25 sq. mm copper cable from the MCC panel to the earth pit.,MEDIUM,Earthing,CLMS Room,SHOCK,Design & Engineering,,2,0,1,0,0,0,,,,,,,,,,,,,,,,,,,,,,,,,,,,,,,,,,,,,,,,,,,,,,,,,,,,,,,,,,,,,,,,,,,,,,2,4
13,CEA MSES 2023 Reg 14,Panel maintenance and cleaning required.,"Implement a periodic maintenance schedule (e.g., every 6 months). Use dry, non conductive cleaning tools such as: Vacuum cleaner with ESD safe attachments Soft brushes to remove dust and debris Avoid moisture or liquids inside the panel to prevent short circuits.",HIGH,Electrical Panels,CLMS Room,SHORT CIRCUIT,Maintenance Compliance,,3,0,0,0,0,1,,,,,,,,,,,,,,,,,,,,,,,,,,,,,,,,,,,,,,,,,,,,,,,,,,,,,,,,,,,,,,,,,,,,,,1,3
14,CEA MSES 2023 Reg 43,Security Room Socket earth missing and broken condition.,Inspect all socket outlets in the Security Room. Repair or replace sockets that have: Broken earth terminals Missing earth wiring Connect all sockets to a proper earth conductor as per electrical standards.,HIGH,Socket,CLMS Room,SHOCK,Design & Engineering,,3,0,1,0,0,0,,,,,,,,,,,,,,,,,,,,,,,,,,,,,,,,,,,,,,,,,,,,,,,,,,,,,,,,,,,,,,,,,,,,,,2,6
15,IS 2189,Smoke detectors not working.,"Conduct a comprehensive inspection of all smoke detectors. Check: Power supply (mains and backup battery) Wiring and connections Detector sensitivity and contamination (dust, dirt) Functional operation using detector test tools or smoke test aerosol",MEDIUM,Detector,Admin Security Office,FIRE,Installation,,2,1,0,0,0,0,,,,,,,,,,,,,,,,,,,,,,,,,,,,,,,,,,,,,,,,,,,,,,,,,,,,,,,,,,,,,,,,,,,,,,2,4
16,CEA MSES 2023 Reg 51,Store room power cable and AC drain line coupled together. Possible short circuit and water leak.,Reroute either the power cable or drain line to ensure physical separation. Maintain a minimum safe distance of at least 300 mm (1 foot) between electrical cables and plumbing or drainage lines.,HIGH,Store Room,Admin Security Office,FIRE,Maintenance Complication,/content/word_images/16_obs.jpeg,3,1,0,0,0,0,,,,,,,,,,,,,,,,,,,,,,,,,,,,,,,,,,,,,,,,,,,,,,,,,,,,,,,,,,,,,,,,,,,,,,2,6
17,Good Engineering Practice,Sanitizers were found inside store room.,Relocate sanitizers to a designated flammable material storage area that complies with fire safety regulations.,LOW,Store Room,Admin Security Office,FIRE,Maintenance Complication,/content/word_images/17_obs.jpeg,1,1,0,0,0,0,,,,,,,,,,,,,,,,,,,,,,,,,,,,,,,,,,,,,,,,,,,,,,,,,,,,,,,,,,,,,,,,,,,,,,2,2
18,IS 2189,Smoke detectors inside store room not working.,"Conduct a comprehensive inspection of all smoke detectors. Check: Power supply (mains and backup battery) Wiring and connections Detector sensitivity and contamination (dust, dirt) Functional operation using detector test tools or smoke test aerosol",MEDIUM,Detector,Admin Security Office,FIRE,Installation,,2,1,0,0,0,0,,,,,,,,,,,,,,,,,,,,,,,,,,,,,,,,,,,,,,,,,,,,,,,,,,,,,,,,,,,,,,,,,,,,,,2,4
19,IEC 62305,Security biometric shed to be earthed.,Install a dedicated earth electrode (earth pit) near the biometric shed. Connect the shed's metal structure and biometric devices to the earth electrode using: Copper conductor of at least 6 sq. mm (or as per design and soil resistivity) Use GI strip (minimum 25x3 mm) if shed is large or load is higher.,MEDIUM,Shed,Admin Security Office,LIGHTNING,Installation,,2,0,0,0,0,1,,,,,,,,,,,,,,,,,,,,,,,,,,,,,,,,,,,,,,,,,,,,,,,,,,,,,,,,,,,,,,,,,,,,,,1,2
20,Good Engineering Practice,Admin UPS cover to be IP65 compartment.,"Install the UPS in a dust tight and water jet proof enclosure that meets IP65 standard (as per IEC 60529). The enclosure should: Be made of non corrosive material (e.g., powder coated steel or polycarbonate) Allow adequate heat dissipation or include a ventilation fan/filter (with IP rated filters)",LOW,UPS,Admin Security Office,SHOCK,Maintenance Complication,/content/word_images/20_obs.jpeg,1,0,1,0,0,0,,,,,,,,,,,,,,,,,,,,,,,,,,,,,,,,,,,,,,,,,,,,,,,,,,,,,,,,,,,,,,,,,,,,,,2,2
21,CEA MSES 2023 Reg 58,"Cable joints were observed in Admin UPS, maintenance to be done.","Replace the jointed cables with continuous runs wherever possible. Cables supplying or exiting UPS systems should be single length, uninterrupted, and properly rated. Physical finding: connections (joints) were noticed on the cables connected to the Uninterruptible Power Supply (UPS) in the Administration department. This is not inherently good or bad; it simply means the cables are connected in a way that allows for power continuity, but the quality or location of these joints needs to be assessed to ensure safety and reliability for the electrical system.",HIGH,Cable,Admin Security Office,SHOCK,Maintenance Complication,/content/word_images/21_obs.jpeg,3,0,1,0,0,0,,,,,,,,,,,,,,,,,,,,,,,,,,,,,,,,,,,,,,,,,,,,,,,,,,,,,,,,,,,,,,,,,,,,,,2,6
22,NFPA 70 Article 110.26,Battery not accessible and ventilation is required.,"Ensure the battery bank is placed in an accessible location that allows for safe and easy inspection, maintenance, and replacement. Maintain at least 0.6 1.0 meter clearance around the battery bank. Provide mechanical exhaust ventilation for the battery room to dissipate heat and hazardous gases (e.g., hydrogen from lead acid batteries).",MEDIUM,Battery,Admin Security Office,FIRE,Design & Engineering,,2,1,0,0,0,0,,,,,,,,,,,,,,,,,,,,,,,,,,,,,,,,,,,,,,,,,,,,,,,,,,,,,,,,,,,,,,,,,,,,,,2,4
23,"CEA MSES 2023 Reg 108.6 

IS 1646 
Clause 6.5",Incomer cable gland damaged condition.,Immediate Replacement of Damaged Gland. Ensure that the gland: Provides proper sealing to prevent moisture or dust ingress. Offers adequate strain relief to prevent mechanical stress on the cable terminals.,MEDIUM,Cable,Admin Security Office,SHOCK,Maintenance Compliance,,2,0,1,0,0,0,,,,,,,,,,,,,,,,,,,,,,,,,,,,,,,,,,,,,,,,,,,,,,,,,,,,,,,,,,,,,,,,,,,,,,2,4
24,IS 2189,"WPAC Warranty Parts Analysis Centre No smoke detector, no sprinklers, and no fire alarm panel. Only fire extinguisher observed in the Warranty Parts Analysis center.","Install addressable or conventional smoke detectors. Smoke detectors should be interconnected and trigger an audible/visual alarm. Install a fire alarm panel suitable for the size and risk level of the facility. Integrate all detection devices (smoke detectors, heat detectors, manual call points). Ensure backup power supply (battery or UPS) is provided. Install a wet pipe sprinkler system (or alternate type based on hazard classification and ambient temperature).",MEDIUM,Detector,WPAC – Warranty Parts Analysis Centre,FIRE,Installation,,2,1,0,0,0,0,,,,,,,,,,,,,,,,,,,,,,,,,,,,,,,,,,,,,,,,,,,,,,,,,,,,,,,,,,,,,,,,,,,,,,2,4
25,CEA 2023 MSES Reg 43,Outside washroom socket open earth/loose.,Properly terminate the earth wire to the socket's grounding terminal. Tighten all terminal connections to ensure mechanical integrity. Use a continuity tester or earth loop impedance tester to verify the effectiveness of the earth connection.,HIGH,Socket,WPAC – Warranty Parts Analysis Centre,SHOCK,Design & Engineering,,3,0,1,0,0,0,,,,,,,,,,,,,,,,,,,,,,,,,,,,,,,,,,,,,,,,,,,,,,,,,,,,,,,,,,,,,,,,,,,,,,2,6
26,IEC 61010 - 1,"Multimeter/Clampon meter with cat 3 cable, cat 2 meters cannot be used in incomer.","Do not use Cat 3 (or any low grade communication cable) for control or signal circuits in high voltage environments. Replace with meters rated for: CAT III for distribution level panels CAT IV for incomer. Ensure user safety during electrical measurements. A CAT III multimeter is rated for measuring in distribution systems like three phase installations, while a CAT II multimeter is for single phase loads in environments such as homes and offices. You should choose the multimeter's CAT rating based on the highest potential transient voltage in the measurement environment.",TOOLS,Meter,WPAC – Warranty Parts Analysis Centre,SHOCK,Maintenance Complication,,0,0,1,0,0,0,,,,,,,,,,,,,,,,,,,,,,,,,,,,,,,,,,,,,,,,,,,,,,,,,,,,,,,,,,,,,,,,,,,,,,2,0
27,CEA MSES 2023 Reg 108.6,Cable gland tightness to be verified to ensure integrity.,The gland's armor clamp (banjo or earthing ring) is correctly fitted and securely tightened. Continuity is maintained between gland body and earth bar using an earth continuity tester.,HIGH,Cable,WPAC – Warranty Parts Analysis Centre,SHOCK,Maintenance Complication,,3,0,1,0,0,0,,,,,,,,,,,,,,,,,,,,,,,,,,,,,,,,,,,,,,,,,,,,,,,,,,,,,,,,,,,,,,,,,,,,,,2,6
28,CEA 2023 MSES Reg 43,Warranty return storage socket open earth found.,Properly terminate the earth wire to the socket's grounding terminal. Tighten all terminal connections to ensure mechanical integrity. Use a continuity tester or earth loop impedance tester to verify the effectiveness of the earth connection.,HIGH,Socket,WPAC – Warranty Parts Analysis Centre,SHOCK,Design & Engineering,,3,0,1,0,0,0,,,,,,,,,,,,,,,,,,,,,,,,,,,,,,,,,,,,,,,,,,,,,,,,,,,,,,,,,,,,,,,,,,,,,,2,6
29,Good Engineering Practice,DM Test Bench incomer C.B 125A poor cable routing.,"Ensure cables entering the 125A incomer follow a straight, strain free path. Maintain minimum bending radius (typically 8 12 times the cable diameter). Avoid sharp bends, twists, or routing over sharp metallic edges.",LOW,Cable,WPAC – Warranty Parts Analysis Centre,TERMINATION LOOSENING,Maintenance Complication,/content/word_images/29_obs.jpeg,1,0,0,0,0,1,,,,,,,,,,,,,,,,,,,,,,,,,,,,,,,,,,,,,,,,,,,,,,,,,,,,,,,,,,,,,,,,,,,,,,1,1
30,IEC 60079-1,Engine Fuel test section inspection test bench max of 6 liters diesel stored.,"Store diesel only in approved, labelled, and sealed metal or certified plastic containers. Store diesel in a dedicated, well ventilated area, away from: Electrical panels or sources of ignition Heat generating equipment Maintain minimum clearance of 1.5 meters from electrical equipment.",MEDIUM,Engine,WPAC – Warranty Parts Analysis Centre,FIRE,System Deviation,/content/word_images/30_obs.jpeg,2,1,0,0,0,0,,,,,,,,,,,,,,,,,,,,,,,,,,,,,,,,,,,,,,,,,,,,,,,,,,,,,,,,,,,,,,,,,,,,,,2,4
31,IEC 60079-1,Normal socket provided near diesel storage. To be replaced with FLP rated.,"Install a Flameproof (FLP) or Explosion Proof socket outlet certified for hazardous areas. If feasible, relocate the socket outside the hazardous zone to avoid the need for FLP design. Maintain minimum distance of 1.5 meters or more from the diesel storage point if possible.",HIGH,MCCB,WPAC – Warranty Parts Analysis Centre,FIRE,Design & Engineering,/content/word_images/31_obs.jpeg,3,1,0,0,0,0,,,,,,,,,,,,,,,,,,,,,,,,,,,,,,,,,,,,,,,,,,,,,,,,,,,,,,,,,,,,,,,,,,,,,,2,6
32,IEC 60079-1,Non FLP rated motor near diesel storage.,Install a motor that is: FLP (Ex d) or Ex e/Ex nA rated depending on the hazardous area classification. Install the FLP motor with: FLP rated cable glands and conduits Correct earthing/bonding to dissipate static charges Avoid mounting on or near surfaces with high ambient temperatures Enclosure and cable entries must be IP65/IP66 minimum.,HIGH,Motor,WPAC – Warranty Parts Analysis Centre,FIRE,Design & Engineering,/content/word_images/32_obs.jpeg,3,1,0,0,0,0,,,,,,,,,,,,,,,,,,,,,,,,,,,,,,,,,,,,,,,,,,,,,,,,,,,,,,,,,,,,,,,,,,,,,,2,6
33,CEA MSES 2023 Reg 43,Engine fuel test section to be earthed.,Immediately Provide Dedicated Earthing to the Fuel Test Section. Use: Copper or GI earthing conductors. Earth resistance of the system should be ≤ 1 ohm Ensure all joints are mechanically strong and corrosion protected.,HIGH,Engine,WPAC – Warranty Parts Analysis Centre,SHOCK,Design & Engineering,/content/word_images/33_obs.jpeg,3,0,1,0,0,0,,,,,,,,,,,,,,,,,,,,,,,,,,,,,,,,,,,,,,,,,,,,,,,,,,,,,,,,,,,,,,,,,,,,,,2,6
34,IS 1646 Clause 6.5,"RO Plant Incomer supply from PDB cable routing not proper, gland open condition.","Route cable through a dedicated cable tray, conduit, or trunking. Ensure: Minimum bending radius is maintained (typically 8 12 times the cable diameter) Cables are not crossing sharp edges, hot surfaces, or obstructing access. Install or tighten a suitable cable gland appropriate for the cable type and panel entry: Use brass/stainless steel glands for armored cables. Use polyamide/IP rated glands for flexible cables.",MEDIUM,Panel,RO Plant,FIRE,Maintenance Complication,/content/word_images/34_obs.jpeg,2,1,0,0,0,0,,,,,,,,,,,,,,,,,,,,,,,,,,,,,,,,,,,,,,,,,,,,,,,,,,,,,,,,,,,,,,,,,,,,,,2,4
35,CEA MSES 2023 Reg 106.4,"Power control panel R & B phase insulation completely damaged, possible short circuit.","Replace all damaged R & B phase conductors with: Correct size and type (as per design). Proper insulation rating (e.g., 1.1 kV PVC/XLPE). Avoid temporary taping or insulation patchwork—it must be a permanent fix.",HIGH,Panel,Grinder Unit,FIRE/SHOCK,Maintenance Complications,/content/word_images/35_obs.jpeg,3,1,1,0,0,0,,,,,,,,,,,,,,,,,,,,,,,,,,,,,,,,,,,,,,,,,,,,,,,,,,,,,,,,,,,,,,,,,,,,,,4,12
36,IEC 60079-1,Near Biogas two motors are non FLP rated.,"Install FLP motors with: FLP cable glands, junction boxes, and starters. Rigid conduit or armored cable with proper earthing. Perform a formal Hazardous Area Classification around the biogas zone.",MEDIUM,Motor,Grinder Unit,FIRE,Design & Engineering,,2,1,0,0,0,0,,,,,,,,,,,,,,,,,,,,,,,,,,,,,,,,,,,,,,,,,,,,,,,,,,,,,,,,,,,,,,,,,,,,,,2,4
37,CEA MSES 2023 Reg 14,Canteen main PDB panel maintenance and cleaning required.,Schedule and perform thorough internal and external cleaning of the panel. Use: Industrial vacuum cleaner or soft brushes for dry dust removal Isopropyl alcohol or electrical contact cleaner for terminals (if required) Do not use water or wet cloths.,HIGH,Panel,Canteen,FIRE,Maintenance Complication,/content/word_images/37_obs.jpeg,3,1,0,0,0,0,,,,,,,,,,,,,,,,,,,,,,,,,,,,,,,,,,,,,,,,,,,,,,,,,,,,,,,,,,,,,,,,,,,,,,2,6
38,CEA MSES 2023 Reg 14 & 21,Canteen kitchen DB Panel 1 & 2 rat dead inside the panel between two phase conductors.,"Isolate and de energize the panels immediately. Remove all rodent remains, droppings, and debris. Clean the panel thoroughly using: Industrial vacuum Dry cloths and electrical contact cleaners. Seal all panel entry points (top, bottom, sides) using: Rodent resistant grommets or conduit entry seals Metallic or polyamide glands with proper IP rating (IP54 or higher) Use fine steel mesh or rodent barrier foam around cable entries if needed.",HIGH,Panel,Canteen,FIRE,Maintenance Complication,/content/word_images/38_obs.jpeg,3,1,0,0,0,0,,,,,,,,,,,,,,,,,,,,,,,,,,,,,,,,,,,,,,,,,,,,,,,,,,,,,,,,,,,,,,,,,,,,,,2,6
39,CEA MSES 2023 Reg 14,"Cable routing to be improved, many joints found. No DB schedule.","Reroute cables using proper cable trays, conduits, or cable ladders to maintain neat and secure runs. Avoid excessive bending and sharp edges to prevent mechanical stress. Minimize the number of cable joints by using longer, continuous cable lengths where feasible. Create a comprehensive DB schedule listing: Incoming and outgoing feeders Circuit identification Cable sizes, types, and lengths Joint locations (if any) Keep the schedule updated and available near the DB for reference during maintenance and troubleshooting.",HIGH,Panel,Canteen,FIRE/SHOCK,Maintenance Complication,/content/word_images/39_obs.jpeg,3,1,1,0,0,0,,,,,,,,,,,,,,,,,,,,,,,,,,,,,,,,,,,,,,,,,,,,,,,,,,,,,,,,,,,,,,,,,,,,,,4,12
40,Good Engineering Practice,"Maida, Atta, and oil kept in the same place.","a mixture of maida (refined flour), atta (whole wheat flour), and oil can catch fire if exposed to an ignition source. Both flour and oil are flammable, and when combined, they form a mixture that can burn if heated sufficiently. Flour dust, especially, can also cause a dust explosion if dispersed in the air and ignited. Store oil separately from dry powders (Maida, Atta) in a dedicated, well ventilated area. Use fire resistant storage cabinets for flammable liquids like oil. Maintain proper labelling and signage indicating flammable contents.",LOW,Storage,Canteen Store,FIRE,Storage Practice,/content/word_images/40_obs.jpeg,1,1,0,0,0,0,,,,,,,,,,,,,,,,,,,,,,,,,,,,,,,,,,,,,,,,,,,,,,,,,,,,,,,,,,,,,,,,,,,,,,2,2
41,IS 2189,No smoke detector inside store room.,Install photoelectric smoke detectors suitable for the store room environment. Ensure detectors comply with relevant standards and are interconnected to the main fire alarm system or an independent local alarm.,MEDIUM,Detector,Canteen Store,FIRE,Design & Engineering,/content/word_images/41_obs.jpeg,2,1,0,0,0,0,,,,,,,,,,,,,,,,,,,,,,,,,,,,,,,,,,,,,,,,,,,,,,,,,,,,,,,,,,,,,,,,,,,,,,2,4
42,Good Engineering practice,No DB to be provided inside store room.,"Relocate DB outside the store room to a dedicated panel room If not feasible immediately, ensure fire rated enclosure and maintain clearances.",LOW,Panel,Canteen Store,FIRE,Maintenance Complication,,1,1,0,0,0,0,,,,,,,,,,,,,,,,,,,,,,,,,,,,,,,,,,,,,,,,,,,,,,,,,,,,,,,,,,,,,,,,,,,,,,2,2
43,Good Engineering Practice,Provide I/C supply to store outside the room.,Relocate the incomer panel or supply point to an accessible location outside the store room.,LOW,Panel,Canteen Store,FIRE,Design & Engineering,,1,1,0,0,0,0,,,,,,,,,,,,,,,,,,,,,,,,,,,,,,,,,,,,,,,,,,,,,,,,,,,,,,,,,,,,,,,,,,,,,,2,2
44,CEA MSES 2023 Reg 39.IV,All industrial sockets fully dust accumulated.,"Clean all industrial sockets using appropriate non conductive cleaning methods (e.g., dry cloth, vacuum, or compressed air). Avoid using water or liquid cleaners unless sockets are rated for such cleaning.",HIGH,Socket,Canteen,SHOCK,Maintenance Complication,/content/word_images/44_obs.jpeg,3,0,1,0,0,0,,,,,,,,,,,,,,,,,,,,,,,,,,,,,,,,,,,,,,,,,,,,,,,,,,,,,,,,,,,,,,,,,,,,,,2,6
45,CEA 2023 MSES Reg 44,All industrial sockets to be provided with RCCB with 30mA and a IP rated.,"Install Residual Current Circuit Breakers (RCCBs) on all industrial socket circuits. RCCBs will ensure protection against earth faults and reduce risk of electric shock or fire. Select RCCBs with appropriate sensitivity (e.g., 30mA for personnel protection). Replace existing sockets with IP rated (Ingress Protection) sockets, suitable for the environment.",HIGH,Socket,Canteen,FIRE,Design & Engineering,/content/word_images/45_obs.jpeg,3,1,0,0,0,0,,,,,,,,,,,,,,,,,,,,,,,,,,,,,,,,,,,,,,,,,,,,,,,,,,,,,,,,,,,,,,,,,,,,,,2,6
46,Good Engineering Practice,"Single Domestic AC observed inside cold storage and there is no Redundancy provided, whereas another unit is not working for the past 1 month.","Use industrial grade AC units specifically designed for continuous operation and cold storage environments. Overloading AC may lead to compressor overheating due to which probable chance of overloading, short circuit resulting fire inside the cold storage.",LOW,AC,Cold Storage (Vegetables),FIRE,Maintenance Complication,/content/word_images/46_obs.jpeg,1,1,0,0,0,0,,,,,,,,,,,,,,,,,,,,,,,,,,,,,,,,,,,,,,,,,,,,,,,,,,,,,,,,,,,,,,,,,,,,,,2,2
47,IEC 60079-1,Electrical supply should not be near a gas line. Flange observed near electrical panel to be FLP rated.,Ensure minimum clearance distances between electrical equipment and gas lines as per applicable safety standards. The flange near the electrical panel must be replaced with a Flameproof (FLP) rated flange designed for hazardous locations.,MEDIUM,Panel,Canteen,FIRE,Design & Engineering,/content/word_images/47_obs.jpeg,2,1,0,0,0,0,,,,,,,,,,,,,,,,,,,,,,,,,,,,,,,,,,,,,,,,,,,,,,,,,,,,,,,,,,,,,,,,,,,,,,2,4
48,Good Engineering Practice,Electrical panel earth in looped condition.,"Each electrical panel must be connected to the earth pit using a dedicated, independent earth conductor. Do not loop earth connections from one panel to another.",LOW,Earthing,Canteen,SHOCK,Design & Engineering,,1,0,1,0,0,0,,,,,,,,,,,,,,,,,,,,,,,,,,,,,,,,,,,,,,,,,,,,,,,,,,,,,,,,,,,,,,,,,,,,,,2,2
49,IEC 60079 -1,All equipment near gas line flange to be FLP rated.,"Replace all electrical equipment (motors, switches, lights, sockets, etc.) within 1.5 meters of the gas line flange with certified Flameproof (FLP)/Explosion Proof rated equipment.",MEDIUM,Panel,Canteen,FIRE,Design & Engineering,,2,1,0,0,0,0,,,,,,,,,,,,,,,,,,,,,,,,,,,,,,,,,,,,,,,,,,,,,,,,,,,,,,,,,,,,,,,,,,,,,,2,4
50,Good Engineering Practice,Gas line hose to be moved away from the burner.,"Re route the gas hose to maintain a safe clearance from the burner flame and hot surfaces to prevent melting, fire, or gas leakage. Use heat resistant, certified gas hoses compliant with applicable gas safety codes.",LOW,Gas Stove,Canteen,FIRE,Maintenance Complication,/content/word_images/50_obs.jpeg,1,1,0,0,0,0,,,,,,,,,,,,,,,,,,,,,,,,,,,,,,,,,,,,,,,,,,,,,,,,,,,,,,,,,,,,,,,,,,,,,,2,2
51,IS 3043,Flange bonding to be provided. Integrity to be verified.,"Install flange bonding jumpers across all insulated or non conductive flanged joints in pipelines carrying flammable, explosive, or static prone materials. Perform electrical continuity tests across bonded flanges as part of periodic maintenance.",MEDIUM,Flanges,Canteen,FIRE,Design & Engineering,/content/word_images/51_obs.jpeg,2,1,0,0,0,0,,,,,,,,,,,,,,,,,,,,,,,,,,,,,,,,,,,,,,,,,,,,,,,,,,,,,,,,,,,,,,,,,,,,,,2,4
52,"IEC 60079-29-2
Clause 6.2.4.1",LPG detector to be provided.,"Assess the area where LPG is stored, handled, or used. Identify hazardous zones (Zone 1 or Zone 2). Since LPG is heavier than air, leakage will settle near the ground — detectors must be installed accordingly.",NONE,Detector,Canteen,-,-,,0,0,0,0,0,1,,,,,,,,,,,,,,,,,,,,,,,,,,,,,,,,,,,,,,,,,,,,,,,,,,,,,,,,,,,,,,,,,,,,,,1,0
53,NFPA 13,Sprinklers available near to the light fittings.,"Ensure a minimum horizontal clearance between sprinkler heads and electrical fixtures. If relocation is not possible, replace existing light fixtures with moisture resistant, fully enclosed fittings.",MEDIUM,Sprinkler,Canteen,FIRE/SHOCK,Design & En gineering,,2,1,1,0,0,0,,,,,,,,,,,,,,,,,,,,,,,,,,,,,,,,,,,,,,,,,,,,,,,,,,,,,,,,,,,,,,,,,,,,,,4,8
54,IEC 60079,LPG Hose line valve observed damaged,"Isolate the gas supply feeding the damaged valve immediately to eliminate the risk of gas leakage. Notify both maintenance and fire & gas safety teams without delay. Ensure the new valve is of anti static, corrosion resistant material.",MEDIUM,Hose,Canteen,FIRE,Maintenance Complication,/content/word_images/54_obs.jpeg,2,1,0,0,0,0,,,,,,,,,,,,,,,,,,,,,,,,,,,,,,,,,,,,,,,,,,,,,,,,,,,,,,,,,,,,,,,,,,,,,,2,4
55,IEC 60079-1,Obstruction near Gas shutoff valve,"Remove any physical obstruction (tools, materials, equipment, structural elements, etc.) near the Gas Hose 5 valve to allow: Safe and quick access for emergency shutdown. Routine maintenance without delay or risk. Ensure a clear approach path of at least 1 meter radius around critical gas valves.",MEDIUM,Valve,Canteen,FIRE,Maintenance Complication,/content/word_images/55_obs.jpeg,2,1,0,0,0,0,,,,,,,,,,,,,,,,,,,,,,,,,,,,,,,,,,,,,,,,,,,,,,,,,,,,,,,,,,,,,,,,,,,,,,2,4
56,IS 3043,No earth is provided inside canteen office socket.,Install an independent earth conductor to the socket point from the nearest earth busbar or earth pit. Ensure the earth conductor: Is of adequate size (minimum 2.5 mm² Cu for socket circuits). Has continuous continuity from socket to earth electrode. Is properly terminated on the earth terminal of the socket and distribution board.,MEDIUM,Socket,Canteen,SHOCK,Design & Engineering,,2,0,1,0,0,0,,,,,,,,,,,,,,,,,,,,,,,,,,,,,,,,,,,,,,,,,,,,,,,,,,,,,,,,,,,,,,,,,,,,,,2,4
57,CEA MSES 2023 Reg 21,No Double insulated tool observed.,"If the tool is repairable (e.g., replaceable outer shell or cord), it must: Be repaired only by qualified personnel, Use manufacturer approved parts, and Be tested for insulation resistance before being returned to service. If the tool cannot be safely repaired: Permanently decommission and dispose of it as per the organization's electrical equipment disposal policy.",HIGH,Tools,Canteen,SHOCK,Maintenance Complication,,3,0,1,0,0,0,,,,,,,,,,,,,,,,,,,,,,,,,,,,,,,,,,,,,,,,,,,,,,,,,,,,,,,,,,,,,,,,,,,,,,2,6
58,National Building Code 2016 – Part 4,Fire Pump House Hooters to be provided for pump on Communication.,Provide audible hooters near the pump to alert personnel that the pump is starting or has started via remote communication. The hooter should activate prior to or simultaneously with pump start.,MEDIUM,Pump,Fire pump house,FIRE,Design & Engineering,,2,1,0,0,0,0,,,,,,,,,,,,,,,,,,,,,,,,,,,,,,,,,,,,,,,,,,,,,,,,,,,,,,,,,,,,,,,,,,,,,,2,4
59,"NPFA 20 
IS 15301
IS 3844",Pump panel (main pump) in off condition.,"A fire or safety critical pump, the panel must never be left OFF under normal conditions. Switch ON the pump panel immediately after verifying: Electrical health (no faults, no overloads), Proper mechanical readiness, No maintenance work is ongoing. If the OFF condition is intentional (e.g., maintenance), ensure: A valid work permit is active, Lockout Tagout (LOTO) procedures are followed.",MEDIUM,Pump,Fire pump house,FIRE,Maintenance Complication,/content/word_images/59_obs.jpeg,2,1,0,0,0,0,,,,,,,,,,,,,,,,,,,,,,,,,,,,,,,,,,,,,,,,,,,,,,,,,,,,,,,,,,,,,,,,,,,,,,2,4
60,Good Engineering Practice,Battery Charger to be relocated.,"Ensure a minimum clearance of 1.2 meters from the fire pump electrical panel. Relocating the battery mitigates the risk of fire, corrosion, electrical faults, and ensures compliance with fire safety and electrical clearance standards. It also helps in the proper maintenance and accessibility of both battery and fire pump control systems.",LOW,Battery,Fire pump house,FIRE,Maintenance Complication,/content/word_images/60_obs.jpeg,1,1,0,0,0,0,,,,,,,,,,,,,,,,,,,,,,,,,,,,,,,,,,,,,,,,,,,,,,,,,,,,,,,,,,,,,,,,,,,,,,2,2
61,IEC 60079-1,Diesel Day tank PVC Level hose to be replaced with glass type.,Replace the existing PVC level hose with a borosilicate glass type level indicator.,MEDIUM,Diesel Tank,Fire pump house,FIRE,Design & Engineering,/content/word_images/61_obs.jpeg,2,1,0,0,0,0,,,,,,,,,,,,,,,,,,,,,,,,,,,,,,,,,,,,,,,,,,,,,,,,,,,,,,,,,,,,,,,,,,,,,,2,4
62,Good Engineering Practice,Pressure Gauge Calibration passing with Date of Validity to be provided.,"All pressure gauges used in safety critical systems must be: Calibrated at specified intervals (typically every 6 to 12 months, depending on usage and criticality). Calibrated against a master instrument traceable to standards. Affix a calibration sticker on or near the pressure gauge with the following details: Instrument ID. Last calibration date. Next due date Calibrated by (agency/technician name or initials). ""OK"" status if passed.",LOW,Guage,Fire pump house,FIRE,Maintenance Complication,/content/word_images/62_obs.jpeg,1,1,0,0,0,0,,,,,,,,,,,,,,,,,,,,,,,,,,,,,,,,,,,,,,,,,,,,,,,,,,,,,,,,,,,,,,,,,,,,,,2,2
63,CEA MSES 2023 Reg 43,Main Hydrant and Jockey pumps with single earthing.,"Install two independent earth conductors from the motor body to the main earth grid. Earthing should be: Of adequate size (minimum 2.5 mm² CU or equivalent Al, depending on motor size). Properly lugged and bolted at both ends. Mechanically protected.",HIGH,Motor,Fire pump house,SHOCK,Design & Engineering,,3,0,1,0,0,0,,,,,,,,,,,,,,,,,,,,,,,,,,,,,,,,,,,,,,,,,,,,,,,,,,,,,,,,,,,,,,,,,,,,,,2,6
64,Good Engineering Practice,Fire Room is stored with materials / other related storage.,"Clear all materials immediately from the fire pump room. Ensure zero storage policy is enforced in: Fire pump rooms, Sprinkler valve rooms, Electrical panels within fire control rooms.",LOW,Material,Fire pump house,FIRE,House keeping,/content/word_images/64_obs.jpeg,1,1,0,0,0,0,,,,,,,,,,,,,,,,,,,,,,,,,,,,,,,,,,,,,,,,,,,,,,,,,,,,,,,,,,,,,,,,,,,,,,2,2
65,IS 15652,Fire pump room Electrical panel rubber mat to be replaced.,"Remove any damaged, worn out, cracked, or non IS compliant rubber mats from the fire pump electrical panel area. Ensure mats are ISI marked, with the manufacturer name, batch number, IS standard, and test date embossed or printed on them.",MEDIUM,Mat,Fire pump house,SHOCK,Maintenance Complication,/content/word_images/65_obs.jpeg,2,0,1,0,0,0,,,,,,,,,,,,,,,,,,,,,,,,,,,,,,,,,,,,,,,,,,,,,,,,,,,,,,,,,,,,,,,,,,,,,,2,4
66,CEA 2023 MSES Reg 51(i),UPS Room Ventilation to be improved.,"Install exhaust fans + fresh air inlets to achieve air changes as per load. For high capacity UPS systems, install a dedicated air conditioning unit with temperature control.",HIGH,UPS,UPS Room,FIRE,Design & Engineering,/content/word_images/66_obs.jpeg,3,1,0,0,0,0,,,,,,,,,,,,,,,,,,,,,,,,,,,,,,,,,,,,,,,,,,,,,,,,,,,,,,,,,,,,,,,,,,,,,,2,6
67,CEA 2023 MSES Reg 14,Admin Block Avoid socket point near water sink.,"Immediately relocate the socket outlet to maintain a safe horizontal clearance of at least 1.2 meters (4 feet) from the edge of the sink or water source. In rare cases where the socket must remain, implement the following: Replace with a weatherproof socket (minimum IP55/IP65), Ensure it is protected by a Residual Current Device (RCD) with 30 mA sensitivity, Add a protective cover that prevents accidental water spray/contact.",HIGH,Socket,MCC Admin Block,SHOCK,Design & Engineering,,3,0,1,0,0,0,,,,,,,,,,,,,,,,,,,,,,,,,,,,,,,,,,,,,,,,,,,,,,,,,,,,,,,,,,,,,,,,,,,,,,2,6
68,Good Engineering Practice,Oil Lamp observed surrounded with combustible material.,"If religious or cultural practices require their use, consider electric alternatives (LED lamps) instead.",MEDIUM,Lamp,MCC Admin Block,FIRE,System Deviation,/content/word_images/68_obs.jpeg,2,1,0,0,0,0,,,,,,,,,,,,,,,,,,,,,,,,,,,,,,,,,,,,,,,,,,,,,,,,,,,,,,,,,,,,,,,,,,,,,,2,4
69,CEA 2023 MSES Reg 21.5,Panel Rear side identifications are missing.,"All electrical panels must have permanent, legible identification labels on both the front and rear sides. Label should include: Panel name/ID (e.g., “PDB 1”, “UPS Panel”, “Main LT Panel”). Voltage level. Source feeder details (e.g., ""Fed from TPN DB 2""). Panel function or load served.",HIGH,Panel,MCC Admin Block,SHOCK,Design & Engineering,,3,0,1,0,0,0,,,,,,,,,,,,,,,,,,,,,,,,,,,,,,,,,,,,,,,,,,,,,,,,,,,,,,,,,,,,,,,,,,,,,,2,6
70,NBC 2016 Part 4,Fire door shall be provided.,"Provide a certified fire rated door in the concerned area. Specifications should include Fire resistance rating: Minimum 2 hours (120 minutes) for electrical rooms, pump rooms, and high risk zones.",MEDIUM,Doors,MCC Admin Block,FIRE,Design & Engineering,,2,1,0,0,0,0,,,,,,,,,,,,,,,,,,,,,,,,,,,,,,,,,,,,,,,,,,,,,,,,,,,,,,,,,,,,,,,,,,,,,,2,4
71,CEA 2023 MSES Reg 44,BV Ramesh cabin Earthing is missing for socket.,"Immediately connect the socket’s earth terminal to the system’s grounding network. Ensure the earthing conductor is: Of adequate size. Continuously bonded to the main earth bar or earth pit, Mechanically and electrically secure.",HIGH,Socket,Office GR,SHOCK,Maintenance Complications,,3,0,1,0,0,0,,,,,,,,,,,,,,,,,,,,,,,,,,,,,,,,,,,,,,,,,,,,,,,,,,,,,,,,,,,,,,,,,,,,,,2,6
72,CEA 2023 MSES Reg 44,SCM Head cabin socket Earth loose.,"Tighten the earth wire connection securely using proper tools to ensure a solid, low resistance connection. Perform an earth continuity test to verify that the earth conductor is intact and provides a low resistance path.",HIGH,Socket,Office GR,SHOCK,Maintenance Complications,,3,0,1,0,0,0,,,,,,,,,,,,,,,,,,,,,,,,,,,,,,,,,,,,,,,,,,,,,,,,,,,,,,,,,,,,,,,,,,,,,,2,6
73,CEA 2023 MSES Reg 51,Work Station power cable routed inside the wooden compartment.,Do not run power cables directly inside or through wooden compartments without mechanical and thermal protection. Replace or re route the existing cable inside: Rigid PVC conduit. Flexible conduit. Metallic trunking or raceways for improved fire resistance. Conduit must run inside the wooden compartment to isolate cable from flammable surfaces.,HIGH,Cable,Office-1st floor,FIRE,Maintenance Complication,/content/word_images/73_obs.jpeg,3,1,0,0,0,0,,,,,,,,,,,,,,,,,,,,,,,,,,,,,,,,,,,,,,,,,,,,,,,,,,,,,,,,,,,,,,,,,,,,,,2,6
74,CEA 2023 MSES Reg 44,Cashier room socket earthing missing.,Connect the socket’s earth terminal to the main earthing system using a dedicated copper earth wire. Ensure: Minimum conductor size: ≥ 1.5 mm² copper. Secure and low resistance connection to the earthing bus bar or pit. Conduct an Earth Continuity Test to ensure the earth path is intact.,HIGH,Socket,Office-1st floor,SHOCK,Design & Engineering,,3,0,1,0,0,0,,,,,,,,,,,,,,,,,,,,,,,,,,,,,,,,,,,,,,,,,,,,,,,,,,,,,,,,,,,,,,,,,,,,,,2,6
75,CEA 2023 MSES Reg 44,Replace 100 mA RCCB with 30 mA.,"A 30 mA RCCB is designed to trip quickly and disconnect the supply when a leakage current ≥ 30 mA is detected — a level potentially dangerous to humans. 100 mA RCCBs are generally used for fire protection, not for direct human shock protection.",HIGH,Socket,Finance Server Room,SHOCK,Design & Engineering,/content/word_images/75_obs.jpeg,3,0,1,0,0,0,,,,,,,,,,,,,,,,,,,,,,,,,,,,,,,,,,,,,,,,,,,,,,,,,,,,,,,,,,,,,,,,,,,,,,2,6
76,IS 2189,Smoke detectors observed missing.,"Provide photoelectric smoke detectors, which are highly effective in detecting slow developing, soldering fires typically caused by electrical equipment.",MEDIUM,Detector,Finance Server Room,FIRE,Design & Engineering,,2,1,0,0,0,0,,,,,,,,,,,,,,,,,,,,,,,,,,,,,,,,,,,,,,,,,,,,,,,,,,,,,,,,,,,,,,,,,,,,,,2,4
77,CEA 2023 MSES Reg 43,Spike Board with Earthing & RCCB observed missing.,"Only ISI certified spike boards with 3 pin plug and sockets should be used. Ensure the earth pin of every socket is connected and functional, and the power cord includes a dedicated earth conductor. Avoid spike boards with 2 pin plugs, as they offer no earthing protection. Use a 30 mA RCCB either: Built into the spike board, or Connected externally at the supply point.",HIGH,Socket,IT Department,SHOCK,Design & Engineering,/content/word_images/77_obs.jpeg,3,0,1,0,0,0,,,,,,,,,,,,,,,,,,,,,,,,,,,,,,,,,,,,,,,,,,,,,,,,,,,,,,,,,,,,,,,,,,,,,,2,6
78,CEA 2023 MSES Reg 43,Spike board with Phase Neutral reverse.,Disconnect and label the spike board as unsafe to prevent further usage. Remove it from service until the wiring fault is corrected and verified. Ensure proper wiring of the spike board plug and internal connections. Ensure proper wiring of the spike board plug and internal connections.,HIGH,Socket,IT Department,SHOCK,Design & Engineering,,3,0,1,0,0,0,,,,,,,,,,,,,,,,,,,,,,,,,,,,,,,,,,,,,,,,,,,,,,,,,,,,,,,,,,,,,,,,,,,,,,2,6
79,CEA 2023 MSES Reg 43,RCCB not working as employee experience may shock.,Disconnect and tag the faulty RCCB as unsafe. Replace it with a new ISI marked RCCB. Recommended sensitivity for personal protection: 30 mA RCCB (not 100 mA or higher). Perform manual testing monthly using the built in test (T) button.,HIGH,Socket,IT Department,SHOCK,Design & Engineering,,3,0,1,0,0,0,,,,,,,,,,,,,,,,,,,,,,,,,,,,,,,,,,,,,,,,,,,,,,,,,,,,,,,,,,,,,,,,,,,,,,2,6
80,CEA 2023 MSES Reg 43,Perfumer earth loose connected.,"Locate the earthing terminal or conductor related to the perfumer equipment. Tighten all bolts, nuts, and clamps to ensure a firm, stable connection without any movement. Perform an earth continuity test between the equipment and the main earth busbar.",HIGH,Socket,Plant Head Room,SHOCK,Design & Engineering,,3,0,1,0,0,0,,,,,,,,,,,,,,,,,,,,,,,,,,,,,,,,,,,,,,,,,,,,,,,,,,,,,,,,,,,,,,,,,,,,,,2,6
81,CEA 2023 MSES Reg 43,Bath Room socket with phase neutral reverse.,"Disconnect power supply to the socket to prevent any shock hazards. Label the socket as “Do Not Use” until corrected. Rewire the socket ensuring: Phase (Live) conductor connected to the correct terminal (usually right side when facing the socket), Neutral conductor connected properly (left side), Earth terminal connected securely. Use a polarity tester or socket tester to verify correct wiring after repair.",HIGH,Socket,Plant Head Room,SHOCK,Design & Engineering,,3,0,1,0,0,0,,,,,,,,,,,,,,,,,,,,,,,,,,,,,,,,,,,,,,,,,,,,,,,,,,,,,,,,,,,,,,,,,,,,,,2,6
82,CEA 2023 MSES Reg 43,FF Office pantry socket with phase neutral reverse.,"Disconnect power supply to the socket to prevent any shock hazards. Label the socket as “Do Not Use” until corrected. Rewire the socket ensuring: Phase (Live) conductor connected to the correct terminal (usually right side when facing the socket), Neutral conductor connected properly (left side), Earth terminal connected securely. Use a polarity tester or socket tester to verify correct wiring after repair.",HIGH,Socket,IE & PE department,SHOCK,Design & Engineering,,3,0,1,0,0,0,,,,,,,,,,,,,,,,,,,,,,,,,,,,,,,,,,,,,,,,,,,,,,,,,,,,,,,,,,,,,,,,,,,,,,2,6
83,CEA 2023 MSES Reg 43,FF office pantry DB with 100 mA RCCB,"For personal protection against electric shock, especially in areas like pantries where water is present, 30 mA RCCB sensitivity is recommended. 100 mA RCCBs are typically used for fire protection but are insufficient to protect against low level leakage currents causing shock.",HIGH,Socket,IE & PE department,SHOCK,Design & Engineering,,3,0,1,0,0,0,,,,,,,,,,,,,,,,,,,,,,,,,,,,,,,,,,,,,,,,,,,,,,,,,,,,,,,,,,,,,,,,,,,,,,2,6
84,CEA 2023 MSES Reg 51,Wooden Board to hold DB inside.,"Wooden boards are combustible and can increase fire risk if the DB overheats or in case of electrical faults. Prefer mounting DBs on non combustible, fire retardant surfaces such as: Metal backplates, Fire resistant boards (e.g., cement board, gypsum board with fire rating), Concrete or masonry walls.",HIGH,Distribution Panel,IE & PE department,FIRE,Design & Engineering,,3,1,0,0,0,0,,,,,,,,,,,,,,,,,,,,,,,,,,,,,,,,,,,,,,,,,,,,,,,,,,,,,,,,,,,,,,,,,,,,,,2,6
85,CEA 2023 MSES Reg 43,R&D PDB RCCB to be provided.,"Provide a 30 mA RCCB (Residual Current Circuit Breaker) on the R&D Power Distribution Board to: Protect personnel from electric shock by detecting earth leakage currents, Enhance fire safety by tripping on leakage faults, Comply with electrical safety regulations.",HIGH,Distribution Panel,R&D Office,SHOCK,Design & Engineering,,3,0,1,0,0,0,,,,,,,,,,,,,,,,,,,,,,,,,,,,,,,,,,,,,,,,,,,,,,,,,,,,,,,,,,,,,,,,,,,,,,2,6
86,Good Engineering Practice,R&D PDB near fire hydrant hose.,"Ideally, relocate the Power Distribution Board (PDB) to a safe distance from the fire hydrant hose. Maintain a minimum clearance of 1.5 to 2 meters between electrical panels and any fire water source. Ensure the new location meets clearance, accessibility, and ventilation requirements.",LOW,Distribution Board,R&D Office,SHOCK,Design & Engineering,/content/word_images/86_obs.jpeg,1,0,1,0,0,0,,,,,,,,,,,,,,,,,,,,,,,,,,,,,,,,,,,,,,,,,,,,,,,,,,,,,,,,,,,,,,,,,,,,,,2,2
87,CEA 2023 MSES Reg 43,Socket near store found open neutral.,Disconnect the socket from the power supply until the issue is rectified. Label it as “Unsafe Do Not Use” to prevent accidental use. Reconnect or replace wiring to ensure a continuous and secure neutral path.,HIGH,Socket,R&D Maintenance,SHOCK,Design & Engineering,,3,0,1,0,0,0,,,,,,,,,,,,,,,,,,,,,,,,,,,,,,,,,,,,,,,,,,,,,,,,,,,,,,,,,,,,,,,,,,,,,,2,6
88,IS 12943,I/C from R&D PDB LDB gland dummy opening observed.,"Install a non conductive, fire retardant dummy gland or plug to securely seal the open entry point. Ensure the dummy is compatible with the gland size and type. This prevents moisture, dust, or vermin ingress which could lead to short circuits or equipment failure.",MEDIUM,Gland,Proto and Validation shop,SHOCK,Maintenance Complication,,2,0,1,0,0,0,,,,,,,,,,,,,,,,,,,,,,,,,,,,,,,,,,,,,,,,,,,,,,,,,,,,,,,,,,,,,,,,,,,,,,2,4
89,CEA 2023 MSES Reg 14,Outgoing cables tapping has been done.,"Remove all tapped connections from outgoing cables. Tapping should not be practiced, especially without: Proper connectors, Load calculations, Protection coordination.",HIGH,Cable,Proto and Validation shop,FIRE,Maintenance Complication,,3,1,0,0,0,0,,,,,,,,,,,,,,,,,,,,,,,,,,,,,,,,,,,,,,,,,,,,,,,,,,,,,,,,,,,,,,,,,,,,,,2,6
90,IS 2189,Smoke detectors not working.,"Inspect and identify faulty detectors. Replace batteries (if battery operated) or check power supply. If detectors are damaged or obsolete, replace with new, compliant units. Use approved smoke detector testers (aerosol or heat tools), to confirm: Visual indicator (LED) activates. Signal is received at the Fire Alarm Control Panel (FACP). Alarm sounders activate.",MEDIUM,Detector,M&M intercoms,FIRE,Maintenance Complication,/content/word_images/90_obs.jpeg,2,1,0,0,0,0,,,,,,,,,,,,,,,,,,,,,,,,,,,,,,,,,,,,,,,,,,,,,,,,,,,,,,,,,,,,,,,,,,,,,,2,4
91,Good Engineering Practice,Battery blue phase cable excessive bending.,"Ensure Cable Bend Radius Meets Standard Requirements. If space is constrained, re route the cable through a path that allows smooth bending, Use cable trays or saddles to support the cable and maintain uniform curvature.",LOW,Battery,M&M intercoms,FIRE/SHOCK,Maintenance Complication,/content/word_images/91_obs.jpeg,1,1,1,0,0,0,,,,,,,,,,,,,,,,,,,,,,,,,,,,,,,,,,,,,,,,,,,,,,,,,,,,,,,,,,,,,,,,,,,,,,4,4
92,"CEA MSES 2023 Reg 14,21",AC condensed water tripping on electrical panel.,Repair or reroute the AC drainage system. Ensure the drainage is directed away from all electrical equipment. Relocate the AC unit or the electrical panel to avoid proximity. Maintain a minimum horizontal and vertical clearance between AC units and electrical panels to prevent future issues.,HIGH,AC,M&M intercoms,SHOCK,Maintenance Complication,/content/word_images/92_obs.jpeg,3,0,1,0,0,0,,,,,,,,,,,,,,,,,,,,,,,,,,,,,,,,,,,,,,,,,,,,,,,,,,,,,,,,,,,,,,,,,,,,,,2,6
93,Good Engineering Practice,No mobile restriction board.,"Erect clearly visible boards stating: “No Mobile Phones Beyond This Point”, Or “Mobile Phones Strictly Prohibited in HSD Area”. Along with mobile phone restriction, also prohibit: Smoking, Open flames, Unauthorized electrical tools.",LOW,Board,HSD Yard near canteen,STATIC,Design & Engineering,,1,0,0,0,0,1,,,,,,,,,,,,,,,,,,,,,,,,,,,,,,,,,,,,,,,,,,,,,,,,,,,,,,,,,,,,,,,,,,,,,,1,1
94,IS 7689 - 1989,Go No Go system to be provided.,"Provide ESD (Electrostatic Discharge) control stations at all HSD yard entrances, which include: A conductive mat or plate for personnel to touch or step on, A wrist strap or palm touch system that discharges static safely to earth, A Go No Go indicator (Green = Safe, Red = Charged) that signals whether entry is permitted.",MEDIUM,Static Discharge Pad,HSD Yard near canteen,STATIC,,,2,0,0,0,0,1,,,,,,,,,,,,,,,,,,,,,,,,,,,,,,,,,,,,,,,,,,,,,,,,,,,,,,,,,,,,,,,,,,,,,,1,2
95,IS 3043,Earth ride not working.,Inspect the system for faults in: Grounding cables. Earth terminals/clamps. Resistance to earth. Replace any damaged parts immediately to restore functionality. Add a visual/audible Go No Go interlock system to ensure fuel transfer does not start until proper grounding is confirmed. The system should prevent activation of pumps if grounding is faulty.,MEDIUM,Earth Ride System,HSD Yard near canteen,STATIC,,,2,0,0,0,0,1,,,,,,,,,,,,,,,,,,,,,,,,,,,,,,,,,,,,,,,,,,,,,,,,,,,,,,,,,,,,,,,,,,,,,,1,2
96,IEC 60079-1,Flame proof pump starter align key screw missing.,"Use only manufacturer approved flameproof rated screws (same thread, length, and material). Never use makeshift or non matching fasteners. Ensure correct torque is applied during reinstallation to maintain the gas tight flame path.",MEDIUM,Pump,HSD Yard near canteen,STATIC,Maintenance Complication,,2,0,0,0,0,1,,,,,,,,,,,,,,,,,,,,,,,,,,,,,,,,,,,,,,,,,,,,,,,,,,,,,,,,,,,,,,,,,,,,,,1,2
97,CEA 2023 MSES Reg 21,AC is provided with C25 A MCB.,"Typical 1.5 2.0 Ton ACs draws 7 12 A max — which does not require a 25A breaker. And if the load is <15A, a C16 A MCB is more appropriate.",HIGH,AC,OHC Area,FIRE/SHOCK,Design & Engineering,,3,1,1,0,0,0,,,,,,,,,,,,,,,,,,,,,,,,,,,,,,,,,,,,,,,,,,,,,,,,,,,,,,,,,,,,,,,,,,,,,,4,12
98,CEA 2023 MSES Reg 43,All sockets earth missing.,"Until earthing is provided and verified, mark sockets as “Do Not Use Earth Missing”, Prevent use of medical or electrical devices in unearthed sockets. Install dedicated earth wires (green/yellow) from sockets to the nearest earth bus bar or earth pit. Ensure earth continuity is intact across all sockets.",HIGH,Socket,OHC Area,SHOCK,Design & Engineering,,3,0,1,0,0,0,,,,,,,,,,,,,,,,,,,,,,,,,,,,,,,,,,,,,,,,,,,,,,,,,,,,,,,,,,,,,,,,,,,,,,2,6
99,CEA 2023 MSES Reg 43,Outside Recoup room phase neutral reverse socket.,"Open the socket and verify connections: Phase (live) should be connected to the right terminal (marked L), Neutral should go to the left terminal (marked N), Earth to the top/bottom terminal (marked ⏚ or E). Perform a socket polarity test on all outlets in the Recoup Room (and adjacent areas if on the same circuit).",HIGH,Socket,OHC Area,SHOCK,Design & Engineering,,3,0,1,0,0,0,,,,,,,,,,,,,,,,,,,,,,,,,,,,,,,,,,,,,,,,,,,,,,,,,,,,,,,,,,,,,,,,,,,,,,2,6
100,,D.Koteswara Rao Room socket phase & neutral reverse.,"Open the socket and verify connections: Phase (live) should be connected to the right terminal (marked L), Neutral should go to the left terminal (marked N), Earth to the top/bottom terminal (marked ⏚ or E). Perform a socket polarity test on all outlets in the Room (and adjacent areas if on the same circuit).",HIGH,Socket,DCM Office,SHOCK,Design & Engineering,,3,0,1,0,0,0,,,,,,,,,,,,,,,,,,,,,,,,,,,,,,,,,,,,,,,,,,,,,,,,,,,,,,,,,,,,,,,,,,,,,,2,6
101,IS 3043,Earth pit near DMC office vegetation growth is observed.,"Clear grass, weeds, shrubs, and any organic matter manually or using safe herbicides. Maintain a minimum 1 meter clearance radius around the earth pit. Cover the cleared area with: Crushed stone/gravel to suppress regrowth and promote drainage, or Paving tiles for high access zones to allow visibility and maintenance.",MEDIUM,Earthing,DCM Office,SHOCK,Maintenance Complication,/content/word_images/101_obs.jpeg,2,0,1,0,0,0,,,,,,,,,,,,,,,,,,,,,,,,,,,,,,,,,,,,,,,,,,,,,,,,,,,,,,,,,,,,,,,,,,,,,,2,4
102,IEC 62305,No Surge Protection Device provided.,Select and install a Type 2 SPD (or as recommended by manufacturer) on the power supply line feeding the weigh machine. Ensure the SPD is suitable for the voltage rating and load current of the weighing machine.,MEDIUM,SPD,Weigh Bridge,LIGHTNING,Design & Engineering,,2,0,0,0,0,1,,,,,,,,,,,,,,,,,,,,,,,,,,,,,,,,,,,,,,,,,,,,,,,,,,,,,,,,,,,,,,,,,,,,,,1,2
103,"NBC 2016, Part 4, Clause 3.4.5.4; 
Clause 3.4.5.6; 
Clause 3.4.6.3",MCC panel cable entry to be closed.,"Recommended to seal all multiple cable pass openings in the Electrical Rooms, UPS Rooms, and Battery Rooms using approved fire rated sealing materials of fire rating minimum 120 mins. to prevent fire and smoke spread. Fire stop solutions such as intumescent sealants, fire rated foam, or fire resistant cable transit systems should be used to ensure compliance with NBC code requirements and fire safety standards. Regular inspections should also be conducted to maintain fire integrity.",MEDIUM,Cable,Cooling Tower panel,FIRE,Design & Engineering,/content/word_images/103_obs.jpeg,2,1,0,0,0,0,,,,,,,,,,,,,,,,,,,,,,,,,,,,,,,,,,,,,,,,,,,,,,,,,,,,,,,,,,,,,,,,,,,,,,2,4
104,CEA 2023 MSES Reg 14,MCB Box 2.5 Sq.mm cable with C32A for welding machine.,"Choose an MCB or MCCB with a suitable rated current and breaking capacity to protect the cable and equipment. For welding machines, consider motor rated MCBs or MCCBs that can handle surge currents without nuisance tripping. Replace the MCB with one suitable for 2.5 sq.mm cable capacity (usually 20A or less), if welding load permits (which is unlikely).",HIGH,Cable,Cooling Tower panel,FIRE,Design & Engineering,,3,1,0,0,0,0,,,,,,,,,,,,,,,,,,,,,,,,,,,,,,,,,,,,,,,,,,,,,,,,,,,,,,,,,,,,,,,,,,,,,,2,6
105,CEA 2023 MSES Reg 108.VI,Chiller motor supply gland is not proper.,Use a correctly sized cable gland matching the cable diameter and motor terminal entry. Ensure it is tightened properly without over compressing the cable. Verify the gland includes proper provisions for armour grounding or earthing continuity (if using armored cable).,HIGH,Gland,Cooling Tower panel,SHOCK,Maintenance Complication,/content/word_images/105_obs.jpeg,3,0,1,0,0,0,,,,,,,,,,,,,,,,,,,,,,,,,,,,,,,,,,,,,,,,,,,,,,,,,,,,,,,,,,,,,,,,,,,,,,2,6
106,IS 3043,Battery charger plug earth not connected properly.,Take the battery charger out of service until the earthing connection is corrected. Reconnect the earth terminal of the plug securely and correctly as per wiring standards.,MEDIUM,Battery Charger,Fork lift Maintenance,SHOCK,Maintenance Complication,/content/word_images/106_obs.jpeg,2,0,1,0,0,0,,,,,,,,,,,,,,,,,,,,,,,,,,,,,,,,,,,,,,,,,,,,,,,,,,,,,,,,,,,,,,,,,,,,,,2,4
107,Good Engineering Practice,48 V / 80 A fork lift charger cable without plug.,"Use a heavy duty industrial plug (at least 80A rated, 2P+E or 3P+E depending on configuration). Plug and socket should be: Appropriate for DC application (if DC charger), Rated for 48V / 80A continuous current, With IP44/IP67 protection depending on environmental conditions.",LOW,Battery Charger,Fork lift Maintenance,SHOCK,Maintenance Complication,/content/word_images/107_obs.jpeg,1,0,1,0,0,0,,,,,,,,,,,,,,,,,,,,,,,,,,,,,,,,,,,,,,,,,,,,,,,,,,,,,,,,,,,,,,,,,,,,,,2,2
108,Good Engineering Practice,Battery observed with sulphation.,"Include battery inspection in preventive maintenance schedules. Monitor for: Swelling, Acid leaks, Sulphation, Terminal corrosion.",LOW,Mechanical Heavy Equipment,Fork lift Maintenance,FIRE,Maintenance Complication,/content/word_images/108_obs.jpeg,1,1,0,0,0,0,,,,,,,,,,,,,,,,,,,,,,,,,,,,,,,,,,,,,,,,,,,,,,,,,,,,,,,,,,,,,,,,,,,,,,2,2
109,IS 2189,No smoke detector and water sprinkler.,Provide photoelectric (optical) smoke detectors or multi sensor detectors across the warehouse ceiling. Design and install a wet pipe sprinkler system suitable for general storage areas. Smoke detectors should be part of an addressable or conventional fire alarm system.,MEDIUM,Detector,D-store warehouse,FIRE,Design & Engineering,/content/word_images/109_obs.jpeg,2,1,0,0,0,0,,,,,,,,,,,,,,,,,,,,,,,,,,,,,,,,,,,,,,,,,,,,,,,,,,,,,,,,,,,,,,,,,,,,,,2,4
110,CEA 2023 MSES Reg 14,Battery charger kept on wooden frame.,"Relocate the battery charger from the wooden frame to a non combustible, heat resistant surface with proper ventilation and grounding.",HIGH,Battery Charger,D-store warehouse,FIRE,Maintenance Complication,/content/word_images/110_obs.jpeg,3,1,0,0,0,0,,,,,,,,,,,,,,,,,,,,,,,,,,,,,,,,,,,,,,,,,,,,,,,,,,,,,,,,,,,,,,,,,,,,,,2,6
111,CEA 2023 MSES Reg 14,DB panel near entrance incomer is C32 A and outgoing for light is C63 A.,The incomer breaker rating should be equal to or higher than the sum of outgoing breakers. Perform a load assessment of the lighting circuits fed from this DB. Breaker ratings should follow selective coordination principles to isolate only the faulty circuit without affecting the entire DB.,HIGH,Distribution Board,D-store warehouse,SHOCK,Maintenance Complication,/content/word_images/111_obs.jpeg,3,0,1,0,0,0,,,,,,,,,,,,,,,,,,,,,,,,,,,,,,,,,,,,,,,,,,,,,,,,,,,,,,,,,,,,,,,,,,,,,,2,6
112,CEA 2023 MSES Reg 43,D store battery charger area no RCCB provided in the incomer and outgoing.,Provide appropriately rated 30 mA RCCBs on both the incomer and individual outgoing circuits feeding battery chargers. RCCBs should match the load current ratings and sensitivity requirements.,HIGH,Socket,D-store warehouse,SHOCK,Design & Engineering,/content/word_images/112_obs.jpeg,3,0,1,0,0,0,,,,,,,,,,,,,,,,,,,,,,,,,,,,,,,,,,,,,,,,,,,,,,,,,,,,,,,,,,,,,,,,,,,,,,2,6
113,IS 3043,Battery charger stands to be earthed.,Connect the battery charger stand (especially if metallic) to the main equipment earthing system using a low resistance conductor.,MEDIUM,Battery Charger,D-store warehouse,SHOCK,Design & Engineering,/content/word_images/113_obs.jpeg,2,0,1,0,0,0,,,,,,,,,,,,,,,,,,,,,,,,,,,,,,,,,,,,,,,,,,,,,,,,,,,,,,,,,,,,,,,,,,,,,,2,4
114,Good Engineering Practice,Emergency door obstructed near EA UV.,"Remove all materials, equipment, or obstacles blocking or near the emergency door. Maintain an unobstructed escape route from the emergency door to a safe assembly point.",LOW,Door,D-store warehouse,FIRE,Storage Practice,/content/word_images/114_obs.jpeg,1,1,0,0,0,0,,,,,,,,,,,,,,,,,,,,,,,,,,,,,,,,,,,,,,,,,,,,,,,,,,,,,,,,,,,,,,,,,,,,,,2,2
115,Good Engineering Practice,SCM Office AC outdoor unit near combustible material(tyre Storage).,Remove and relocate all combustible materials to a safe distance from the AC outdoor unit. Maintain minimum clearance as per manufacturer recommendations (typically at least 1 meter clearance).,LOW,AC,Tyre Yard,FIRE,Storage Practice,,1,1,0,0,0,0,,,,,,,,,,,,,,,,,,,,,,,,,,,,,,,,,,,,,,,,,,,,,,,,,,,,,,,,,,,,,,,,,,,,,,2,2
116,CEA 2023 MSES Reg 14,AC unit power cable and chiller condenser line coupled together.,"Do not route power cables and condenser lines together. Relocate one of the systems to ensure separate paths, use proper conduits, and maintain moisture and thermal protection.",HIGH,AC,Tyre Yard,SHOCK,Maintenance Complication,,3,0,1,0,0,0,,,,,,,,,,,,,,,,,,,,,,,,,,,,,,,,,,,,,,,,,,,,,,,,,,,,,,,,,,,,,,,,,,,,,,2,6
117,CEA 2023 MSES Reg 14,Avoid storage of tyre near to electrical panel.,"Remove all stored tyres from the vicinity of electrical panels. Maintain a clear, marked, and unobstructed area of at least 1 meter around all panels. This is essential for fire prevention, safe access, and compliance with electrical safety standards.",HIGH,Tyre,Tyre Yard,FIRE,Storage Practice,/content/word_images/117_obs.jpeg,3,1,0,0,0,0,,,,,,,,,,,,,,,,,,,,,,,,,,,,,,,,,,,,,,,,,,,,,,,,,,,,,,,,,,,,,,,,,,,,,,2,6
118,Good Engineering Practice,"AD blue pump gland leak, water spillage all around.","Inspect and immediately repair or replace the leaking gland on the AdBlue pump. Verify the integrity of seals, gaskets, and fittings.",LOW,Pump,Tyre Yard,SHOCK,Maintenance Complication,,1,0,1,0,0,0,,,,,,,,,,,,,,,,,,,,,,,,,,,,,,,,,,,,,,,,,,,,,,,,,,,,,,,,,,,,,,,,,,,,,,2,2
119,CEA 2023 MSES Reg 14,UV tyre yard main DB panel opening observed.,"Install suitable IP rated cable glands or blanking plugs (for unused entries) made of non corrosive material (e.g., polyamide, brass) to seal all open entry points.",HIGH,Distribution Board,Tyre Yard,SHOCK,Maintenance Complication,,3,0,1,0,0,0,,,,,,,,,,,,,,,,,,,,,,,,,,,,,,,,,,,,,,,,,,,,,,,,,,,,,,,,,,,,,,,,,,,,,,2,6
120,IEC 60079-1,Flammable liquid inside Scrapyard (MS Drum 20 liters),"Immediately remove the flammable liquid drum from the scrapyard and store it in a compliant, ventilated, fire rated storage area with proper labelling, containment, and fire protection. Ensure no flammable substances are stored near electrical or operational equipment.",MEDIUM,Drum,Scrapyard,FIRE,Storage Practice,/content/word_images/120_obs.jpeg,2,1,0,0,0,0,,,,,,,,,,,,,,,,,,,,,,,,,,,,,,,,,,,,,,,,,,,,,,,,,,,,,,,,,,,,,,,,,,,,,,2,4
121,CEA 2023 MSES Reg 43,Socket panel not provided with RCCB.,Install an RCCB of appropriate rating at the socket panel to ensure protection against electric shock and earth leakage currents.,HIGH,Socket,Fabrication Yard,SHOCK,Design & Engineering,,3,0,1,0,0,0,,,,,,,,,,,,,,,,,,,,,,,,,,,,,,,,,,,,,,,,,,,,,,,,,,,,,,,,,,,,,,,,,,,,,,2,6
122,CEA 2023 MSES 51,Multiple connections (tapping) have been made from a single plug point.,Disconnect all unauthorized or unsafe tapping from the plug or socket outlet. Provide separate socket outlets for each equipment or load.,HIGH,Socket,ALFA Enterprises,FIRE,Design & Engineering,/content/word_images/122_obs.jpeg,3,1,0,0,0,0,,,,,,,,,,,,,,,,,,,,,,,,,,,,,,,,,,,,,,,,,,,,,,,,,,,,,,,,,,,,,,,,,,,,,,2,6
123,CEA 2023 MSES Reg 43,"No RCCB, for industrial socket.",Install RCCB protection (30 mA sensitivity) for all industrial sockets to prevent electrical shock and fire hazards. Select the appropriate RCCB type and integrate into the socket or panel.,HIGH,Socket,M&M Enterprises,SHOCK,Design & Engineering,/content/word_images/123_obs.jpeg,3,0,1,0,0,0,,,,,,,,,,,,,,,,,,,,,,,,,,,,,,,,,,,,,,,,,,,,,,,,,,,,,,,,,,,,,,,,,,,,,,2,6
124,CEA 2023 MSES Reg 14,Cutting machine cable were observed with joints.,"Replace jointed cables on the cutting machine with a continuous, heavy duty cable of appropriate rating. Joints in power supply cables for movable equipment are unsafe, non compliant, and must be eliminated to prevent electrical shock, fire, and mechanical failure.",HIGH,Joint,M&M Enterprises,SHOCK,Maintenance Complication,,3,0,1,0,0,0,,,,,,,,,,,,,,,,,,,,,,,,,,,,,,,,,,,,,,,,,,,,,,,,,,,,,,,,,,,,,,,,,,,,,,2,6
125,CEA 2023 MSES Reg 14,Incomer 415 V panel bottom cover open condition.,"Immediately close and secure the open bottom cover of the 415 V incomer panel. This is critical to eliminate shock risk, prevent ingress of foreign material, and maintain integrity.",HIGH,Panel,Aman Enterprises,SHOCK,Maintenance Complication,/content/word_images/125_obs.jpeg,3,0,1,0,0,0,,,,,,,,,,,,,,,,,,,,,,,,,,,,,,,,,,,,,,,,,,,,,,,,,,,,,,,,,,,,,,,,,,,,,,2,6
126,CEA 2023 MSES Reg 14,Battery charger kept on paint tin.,"Immediately remove the battery charger from the paint tin and place it on a stable, fire resistant, non conductive surface in a well ventilated area designated for battery charging.",HIGH,Battery Charger,"Export 
(Spare Parts)",FIRE,Maintenance Complication,/content/word_images/126_obs.jpeg,3,1,0,0,0,0,,,,,,,,,,,,,,,,,,,,,,,,,,,,,,,,,,,,,,,,,,,,,,,,,,,,,,,,,,,,,,,,,,,,,,2,6
127,CEA 2023 MSES Reg 14,Cutting machine has no plug.,Provide a suitable industrial plug and socket arrangement for the cutting machine to eliminate unsafe direct wiring.,HIGH,Tools,Export (Spare Parts),SHOCK,Maintenance Complication,/content/word_images/127_obs.jpeg,3,0,1,0,0,0,,,,,,,,,,,,,,,,,,,,,,,,,,,,,,,,,,,,,,,,,,,,,,,,,,,,,,,,,,,,,,,,,,,,,,2,6
128,IS 2189,No detector & no sprinklers.,"Install a compliant fire detection (smoke/heat detectors) and sprinkler system in the Export (Spare Parts) storage area to ensure early fire detection, effective suppression, and protection of assets and personnel.",MEDIUM,Detector,Export (Spare Parts),FIRE,Design & Engineering,,2,1,0,0,0,0,,,,,,,,,,,,,,,,,,,,,,,,,,,,,,,,,,,,,,,,,,,,,,,,,,,,,,,,,,,,,,,,,,,,,,2,4
129,CEA 2023 MSES Reg 14,Distribution Board cable gland integrity is compromised.,"Inspect and replace all compromised DB cable glands with appropriately rated, properly installed glands to prevent cable damage, ingress, and fire/electrical hazards.",HIGH,Distribution Board,Vehicle Track Line,FIRE/SHOCK,Maintenance Complication,/content/word_images/129_obs.jpeg,3,1,1,0,0,0,,,,,,,,,,,,,,,,,,,,,,,,,,,,,,,,,,,,,,,,,,,,,,,,,,,,,,,,,,,,,,,,,,,,,,4,12
130,IS 1255-1983,Improper cable routing & cable tapping.,Reroute all improperly laid cables using appropriate supports/conduits and eliminate unauthorized cable tapping by installing proper distribution points.,MEDIUM,Cable,Vehicle Track Line,FIRE,Maintenance Complication,,2,1,0,0,0,0,,,,,,,,,,,,,,,,,,,,,,,,,,,,,,,,,,,,,,,,,,,,,,,,,,,,,,,,,,,,,,,,,,,,,,2,4
131,Good Engineering Practice,MCC panel cable chamber carbon deposits were found.,"Immediately isolate and inspect the MCC cable chamber for damage causing carbon deposits. Clean the deposits, repair or replace faulty components, and perform thorough testing before re energizing.",LOW,Panel,Raw Water Pump House,FIRE,Maintenance Complication,/content/word_images/131_obs.jpeg,1,1,0,0,0,0,,,,,,,,,,,,,,,,,,,,,,,,,,,,,,,,,,,,,,,,,,,,,,,,,,,,,,,,,,,,,,,,,,,,,,2,2
132,IS 1255 – 1983,"No proper cable routing, no maintenance.","Reroute all cables using appropriate cable trays, conduits, or cable ladders. Avoid routing cables near heat sources, sharp edges, or walkways. Maintain proper segregation of power and control cables. Cleaning panel interiors to remove dust and debris. Tightening all electrical connections to manufacturer torque specifications. Inspecting components for signs of wear, corrosion, or overheating. Maintain records of all maintenance activities.",MEDIUM,Cable,Raw Water Pump House,FIRE,Maintenance Complication,/content/word_images/132_obs.jpeg,2,1,0,0,0,0,,,,,,,,,,,,,,,,,,,,,,,,,,,,,,,,,,,,,,,,,,,,,,,,,,,,,,,,,,,,,,,,,,,,,,2,4
133,Good Engineering Practice,HP 10 RPM 2800 motor (raw water pump) very hot 90 100 deg Celsius.,"Shut down the motor to prevent further damage. Allow the motor to cool down before inspection. Immediately investigate and address the causes of motor overheating (load, supply quality, cooling, mechanical issues).",LOW,Motor,Raw Water Pump House,FIRE,Maintenance Complication,/content/word_images/133_obs.jpeg,1,1,0,0,0,0,,,,,,,,,,,,,,,,,,,,,,,,,,,,,,,,,,,,,,,,,,,,,,,,,,,,,,,,,,,,,,,,,,,,,,2,2
134,CEA 2023 MSES Reg 43,LAN Room socket open neutral.,Restore the neutral conductor connection in the LAN room socket immediately to ensure safe and reliable operation of electrical and communication equipment.,HIGH,Socket,ETA Machine Office,SHOCK,Design & Engineering,,3,0,1,0,0,0,,,,,,,,,,,,,,,,,,,,,,,,,,,,,,,,,,,,,,,,,,,,,,,,,,,,,,,,,,,,,,,,,,,,,,2,6
135,Good Engineering Practice,Chemicals without identification inside the store near TCF office.,All chemicals must be clearly identified with labels and stored according to their hazard classifications with proper documentation and safety measures in place.,LOW,Chemical,TCF Office,FIRE,Storage Practice,/content/word_images/135_obs.jpeg,1,1,0,0,0,0,,,,,,,,,,,,,,,,,,,,,,,,,,,,,,,,,,,,,,,,,,,,,,,,,,,,,,,,,,,,,,,,,,,,,,2,2
